顔写真,社員番号,氏名,氏名（ひらがな）,年齢,生年月日,入社年月日,性別,メールアドレス,電話番号,携帯電話番号,郵便番号,住所,dept_id,user_id,password
img/dummy,10000000,丸山 未希子,まるやま みきこ,37,1985年4月22日,2005年4月21日,女,maruyama422@example.co.jp,0465-25-7934,090-1961-1813,215-2691,神奈川県横浜市青葉区美しが丘2-2-4,1,1,test1234
img/dummy,10000001,樋浦 圭,ひうら けい,41,1981年12月11日,2001年12月10日,男,hiurakei@example.com,06-4604-5263,050-7556-8633,549-0443,大阪府大阪市阿倍野区昭和町2-1-3,2,2,test1234
img/dummy,10000002,田口 舞子,たぐち まいこ,29,1993年12月17日,2013年12月16日,女,taguchi1217@example.net,03-2028-5492,070-8771-9182,152-1725,東京都渋谷区恵比寿2-3-4,3,3,test1234
img/dummy,10000003,八尾 努,やお つとむ,25,1997年5月25日,2017年5月24日,男,tsutomuyao@example.org,053-066-7742,080-7266-4586,436-5949,静岡県沼津市大手町1-3-17,4,4,test1234
img/dummy,10000004,吉田 亮佑,よしだ りょうすけ,66,1956年5月20日,1976年5月19日,男,ryousuke_yoshida@example.jp,09969-1-4257,090-3696-2422,899-9587,鹿児島県鹿児島市宇宿3-2-14,5,5,test1234
img/dummy,10000005,川根 裕志,かわね ゆうし,72,1950年8月6日,1970年8月5日,男,kawane86@example.net,03-9635-4193,070-3005-1297,139-8802,東京都港区虎ノ門1-1-9,6,6,test1234
img/dummy,10000006,澤田 亜矢子,さわだ あやこ,66,1957年1月5日,1977年1月4日,女,sawada_15@example.jp,0949-70-4334,090-8311-0964,805-0407,福岡県糟屋郡宇美町貴船1-1-509,7,7,test1234
img/dummy,10000007,松澤 真弓,まつざわ まゆみ,32,1990年2月26日,2010年2月25日,女,matsuzawa_mayumi@example.com,0949-32-0368,090-8772-4484,833-3525,福岡県福岡市城南区別府3-3-10パストラル507,8,8,test1234
img/dummy,10000008,大沢 雄大,おおさわ たけひろ,65,1957年2月21日,1977年2月20日,男,osawa221@example.net,0172-70-7010,050-8296-7008,036-0575,青森県三沢市千代田町2-3-17,9,9,test1234
img/dummy,10000009,山田 耕一,やまだ こういち,77,1945年12月18日,1965年12月17日,男,yamada1218@example.ne.jp,0495-63-6304,050-1257-5009,336-9725,埼玉県和光市下新倉3-3-11,10,10,test1234
img/dummy,10000010,岩井 貴士,いわい たかし,55,1967年5月9日,1987年5月8日,男,takashiiwai@example.ne.jp,0768-12-2041,090-4612-7922,924-7638,石川県金沢市鞍月4-2-7,11,11,test1234
img/dummy,10000011,村山 唯,むらやま ゆい,63,1959年11月4日,1979年11月3日,女,murayamayui@example.co.jp,0195-50-6928,080-9464-8609,022-6932,岩手県北上市大通り2-1-11,12,12,test1234
img/dummy,10000012,佐藤 憲司,さとう けんじ,70,1952年9月4日,1972年9月3日,男,kenjisato@example.ne.jp,03-4252-3791,050-6153-1364,161-2002,東京都新宿区西落合3-1-10ロイヤルグラン711,13,13,test1234
img/dummy,10000013,仲本 龍司,なかもと りゅうじ,33,1989年5月2日,2009年5月1日,男,ryuujinakamoto@example.com,0771-92-3367,050-4524-6619,616-5312,京都府京都市東山区大和大路通四条下る3-5-22,1,14,test1234
img/dummy,10000014,平松 晃,ひらまつ あきら,42,1980年12月16日,2000年12月15日,男,hiramatsu_1216@example.jp,03-0015-6686,050-5714-7166,176-4029,東京都港区赤坂1-1-606,2,15,test1234
img/dummy,10000015,中島 将太,なかじま しょうた,37,1985年2月28日,2005年2月27日,男,nakajima_228@example.com,06-2117-9180,080-5602-9445,575-4632,大阪府大阪市淀川区宮原1-5-308,3,16,test1234
img/dummy,10000016,柴田 淳一,しばた じゅんいち,25,1998年1月11日,2018年1月10日,男,shibata111@example.net,0940-24-3349,090-8799-9161,802-3758,福岡県福岡市早良区田村3-3-9サンシャイン414,4,17,test1234
img/dummy,10000017,須田 智子,すだ ともこ,42,1980年4月13日,2000年4月12日,女,tomoko_suda@example.com,049-455-4529,070-1269-3910,351-0227,埼玉県川口市前川1-4-16,5,18,test1234
img/dummy,10000018,藤井 昌人,ふじい まさと,33,1989年4月14日,2009年4月13日,男,fujii_414@example.jp,0179-68-9525,080-3487-8785,036-7725,青森県青森市長島3-1-14,6,19,test1234
img/dummy,10000019,羽田野 紀子,はたの のりこ,66,1956年12月4日,1976年12月3日,女,hatano_noriko@example.ne.jp,0463-98-2777,080-4404-8966,238-0421,神奈川県相模原市南区相南1-2-8,7,20,test1234
img/dummy,10000020,山木 智子,やまき ともこ,73,1949年2月27日,1969年2月26日,女,tomokoyamaki@example.co.jp,0869-75-8497,080-9874-5348,714-6747,岡山県倉敷市天城台3-3-1105サニーハイツ605,8,21,test1234
img/dummy,10000021,中西 史朗,なかにし しろう,76,1946年6月14日,1966年6月13日,男,nakanishi_shirou@example.ne.jp,011-365-3578,070-3400-0864,074-6918,北海道札幌市北区新川西三条2-2-8,9,22,test1234
img/dummy,10000022,齋藤 耕平,さいとう こうへい,41,1981年12月25日,2001年12月24日,男,saito_kohei@example.ne.jp,0460-08-0435,080-4938-1497,257-5827,神奈川県藤沢市藤沢2-2-17,10,23,test1234
img/dummy,10000023,馬淵 一成,まぶち いっせい,50,1972年5月15日,1992年5月14日,男,mabuchi_issei@example.jp,047-468-2684,070-4016-7549,275-5877,千葉県千葉市中央区松波1-3-807,11,24,test1234
img/dummy,10000024,中島 良治,なかじま りょうじ,44,1978年4月11日,1998年4月10日,男,nakajimaryouji@example.com,03-0740-6432,050-1913-7530,144-2268,東京都豊島区東池袋1-4-6ドルミ406,12,25,test1234
img/dummy,10000025,北山 佳史,きたやま よしふみ,59,1963年4月15日,1983年4月14日,男,kitayama415@example.net,03-4945-6399,080-5127-5100,186-2647,東京都墨田区八広2-2-6,13,26,test1234
img/dummy,10000026,福島 利幸,ふくしま としゆき,32,1990年9月21日,2010年9月20日,男,fukushima_toshiyuki@example.net,06-4836-0922,050-7101-6053,583-8054,大阪府箕面市西小路2-3-17,1,27,test1234
img/dummy,10000027,竹内 早紀,たけうち さき,48,1974年8月25日,1994年8月24日,女,takeuchi_825@example.co.jp,03-2157-5083,090-2314-4666,187-7698,東京都足立区伊興3-3-14ヒルズコート406,2,28,test1234
img/dummy,10000028,野口 幸奈,のぐち ゆきな,61,1961年10月28日,1981年10月27日,女,noguchi_1028@example.net,03-2458-6191,050-6606-4036,151-0302,東京都世田谷区若林1-5-901,3,29,test1234
img/dummy,10000029,古山 昌樹,ふるやま まさき,44,1979年1月14日,1999年1月13日,男,masakifuruyama@example.ne.jp,03-5410-7884,070-6519-1306,209-3893,東京都杉並区荻窪3-3-301ソレイユ311,4,30,test1234
img/dummy,10000030,木村 史明,きむら ふみあき,55,1967年10月6日,1987年10月5日,男,kimurafumiaki@example.net,0495-44-0683,090-5243-9222,345-9237,埼玉県上尾市柏座2-1-8,5,31,test1234
img/dummy,10000031,菱川 浩,ひしかわ ひろし,44,1978年4月6日,1998年4月5日,男,hishikawa_46@example.ne.jp,076-189-5926,090-4462-7435,927-4647,石川県金沢市大野町3-1-3,6,32,test1234
img/dummy,10000032,今泉 謙介,いまいずみ けんすけ,50,1972年11月3日,1992年11月2日,男,kensukeimaizumi@example.org,0480-27-8461,090-9330-4359,352-6362,埼玉県さいたま市桜区町谷3-5-204,7,33,test1234
img/dummy,10000033,徳村 努,とくむら つとむ,63,1959年10月30日,1979年10月29日,男,tokumura_1030@example.co.jp,03-5510-3792,080-7390-2828,122-6684,東京都江東区東陽2-3-6,8,34,test1234
img/dummy,10000034,大浜 渉,おおはま わたる,33,1989年10月9日,2009年10月8日,男,ohama_wataru@example.org,0475-30-3894,080-1092-7323,297-1226,千葉県船橋市海神2-3-4パレステージ405,9,35,test1234
img/dummy,10000035,清水 誠,しみず まこと,25,1997年6月6日,2017年6月5日,男,makotoshimizu@example.net,0587-40-7218,070-1231-2562,483-8048,愛知県名古屋市西区中小田井3-3-20,10,36,test1234
img/dummy,10000036,渡邉 篤志,わたなべ あつし,20,2002年7月13日,2022年7月12日,男,watanabe713@example.co.jp,0838-85-8029,080-1569-5143,740-7204,山口県宇部市西平原3-4-807,11,37,test1234
img/dummy,10000037,渡辺 秀,わたなべ ひで,41,1981年8月10日,2001年8月9日,男,watanabehide@example.ne.jp,0568-87-1315,080-1571-4425,477-4517,愛知県名古屋市中区大須2-5-906ダイヤハイツ402,12,38,test1234
img/dummy,10000038,峯 真一郎,みね しんいちろう,77,1945年6月14日,1965年6月13日,男,mine614@example.org,03-3341-1477,090-9869-4662,174-4816,東京都台東区元浅草2-5-4,13,39,test1234
img/dummy,10000039,山下 一弘,やました かずひろ,37,1985年11月2日,2005年11月1日,男,yamashitakazuhiro@example.jp,03-0428-2050,080-7211-8820,108-5832,東京都江東区豊洲3-4-20,1,40,test1234
img/dummy,10000040,冨田 真,とみた まこと,51,1971年11月27日,1991年11月26日,男,makoto_tomita@example.org,0567-69-4207,090-1356-2400,498-8801,愛知県一宮市三ツ井3-1-4,2,41,test1234
img/dummy,10000041,市川 律子,いちかわ りつこ,51,1971年3月12日,1991年3月11日,女,ritsuko_ichikawa@example.org,0495-60-6877,050-8839-3565,348-7059,埼玉県川越市新宿町2-2-18,3,42,test1234
img/dummy,10000042,伊藤 朋子,いとう ともこ,72,1950年9月2日,1970年9月1日,女,ito92@example.co.jp,03-2475-1700,090-8115-5696,198-9860,東京都中野区弥生町4-2-6,4,43,test1234
img/dummy,10000043,山本 浩一,やまもと こういち,30,1992年12月4日,2012年12月3日,男,koichiyamamoto@example.co.jp,03-4603-4560,070-6705-4549,159-3935,東京都渋谷区千駄ヶ谷1-3-20,5,44,test1234
img/dummy,10000044,中村 麻衣子,なかむら まいこ,34,1988年4月5日,2008年4月4日,女,nakamura_maiko@example.org,0493-18-9937,090-6621-8481,363-3273,埼玉県坂戸市関間2-4-19,6,45,test1234
img/dummy,10000045,松本 聖子,まつもと せいこ,43,1979年2月10日,1999年2月9日,女,matsumoto210@example.org,03-4432-7722,090-4998-8516,153-3765,東京都足立区保木間2-1-11,7,46,test1234
img/dummy,10000046,松下 航,まつした わたる,79,1943年4月17日,1963年4月16日,男,matsushita417@example.com,042-291-9641,090-2345-1521,343-9470,埼玉県草加市吉町3-2-8,8,47,test1234
img/dummy,10000047,林 春菜,はやし はるな,34,1988年12月11日,2008年12月10日,女,hayashi_haruna@example.co.jp,03-5506-5693,070-8537-8810,109-9561,東京都千代田区麹町2-1-4,9,48,test1234
img/dummy,10000048,礒部 一樹,いそべ かずき,29,1993年5月18日,2013年5月17日,男,isobekazuki@example.co.jp,0480-14-0282,050-3727-8858,363-3197,埼玉県川口市上青木西3-5-7,10,49,test1234
img/dummy,10000049,中谷 陽,なかたに あきら,68,1954年8月9日,1974年8月8日,女,nakatani89@example.ne.jp,06-4016-5991,070-8149-0735,569-5277,大阪府大阪市中央区南船場1-4-16ディアステージ705,11,50,test1234
img/dummy,10000050,伊藤 一平,いとう いっぺい,74,1948年5月21日,1968年5月20日,男,ippei_ito@example.com,03-8229-2596,050-2962-2775,196-5497,東京都墨田区石原3-1-802,12,51,test1234
img/dummy,10000051,西村 明久,にしむら あきひさ,67,1955年5月12日,1975年5月11日,男,nishimura_akihisa@example.net,03-0787-2805,070-6577-2833,123-5040,東京都千代田区九段北2-3-8,13,52,test1234
img/dummy,10000052,山田 智也,やまだ ともや,45,1977年5月8日,1997年5月7日,男,yamada_tomoya@example.jp,09969-1-1625,070-9686-9146,891-3918,鹿児島県鹿児島市宇宿3-2-14,1,53,test1234
img/dummy,10000053,太田 哲夫,おおた てつお,36,1986年2月20日,2006年2月19日,男,tetsuoota@example.org,0799-54-1120,050-0806-8877,656-5994,兵庫県神戸市中央区雲井通2-4-706,2,54,test1234
img/dummy,10000054,宇佐美 正夫,うさみ まさお,36,1987年1月6日,2007年1月5日,男,usami_16@example.jp,03-1000-6087,090-3297-5078,193-9636,東京都江戸川区篠崎町1-2-5,3,55,test1234
img/dummy,10000055,畑山 健一,はたやま けんいち,20,2002年11月5日,2022年11月4日,男,hatayama_kenichi@example.com,045-896-6032,070-4460-8813,238-1529,神奈川県藤沢市辻堂元町2-3-4ライオンズ・グランフォート114,4,56,test1234
img/dummy,10000056,松下 良太,まつした りょうた,78,1944年12月13日,1964年12月12日,男,matsushita_ryouta@example.co.jp,0465-30-0902,070-1627-9526,259-2754,神奈川県横浜市鶴見区鶴見中央2-2-10,5,57,test1234
img/dummy,10000057,角井 力,かくい つとむ,41,1981年2月8日,2001年2月7日,男,kakui_28@example.net,0566-97-2544,090-1660-9772,498-1189,愛知県津島市大縄町4-2-10,6,58,test1234
img/dummy,10000058,梁井 理絵,やない りえ,29,1994年2月2日,2014年2月1日,女,yanai_22@example.com,0463-71-0000,090-5090-7158,257-0091,神奈川県秦野市鶴巻南2-4-14,7,59,test1234
img/dummy,10000059,白石 朱実,しらいし あけみ,37,1985年11月11日,2005年11月10日,女,shiraishiakemi@example.co.jp,044-904-5818,070-5772-3522,243-9734,神奈川県大和市上草柳2-4-1105,8,60,test1234
img/dummy,10000060,小笠原 遼,おがさわら りょう,58,1964年10月19日,1984年10月18日,男,ogasawara_1019@example.com,03-3640-0213,050-0785-7850,191-9449,東京都中野区中央3-3-104,9,61,test1234
img/dummy,10000061,北原 陽,きたはら あきら,59,1964年1月8日,1984年1月7日,男,kitahara_akira@example.com,06-8341-6012,080-1331-8571,562-1729,大阪府大阪市中央区南船場2-3-9リーガル309,10,62,test1234
img/dummy,10000062,内田 哲平,うちだ てっぺい,73,1950年1月23日,1970年1月22日,男,teppeiuchida@example.jp,03-4482-4168,090-5877-0110,129-1962,東京都中央区銀座3-2-3ビューハイツ305,11,63,test1234
img/dummy,10000063,富田 源太郎,とみた げんたろう,48,1974年2月28日,1994年2月27日,男,gentarou_tomita@example.com,03-0733-0814,050-4339-7931,133-7716,東京都港区高輪2-4-12,12,64,test1234
img/dummy,10000064,太田 絵美,おおた えみ,59,1963年2月23日,1983年2月22日,女,ota_emi@example.org,03-6861-2001,080-5267-2916,155-8258,東京都港区三田2-4-1101,13,65,test1234
img/dummy,10000065,山鹿 陽子,やまが ようこ,69,1954年1月28日,1974年1月27日,女,yamaga_youko@example.net,0581-09-4700,050-2698-8599,509-4002,岐阜県多治見市太平町4-3-3エステムコート408,1,66,test1234
img/dummy,10000066,古市 謙一,ふるいち けんいち,37,1985年5月8日,2005年5月7日,男,furuichi_kenichi@example.ne.jp,044-049-1085,080-3273-6289,255-9280,神奈川県横浜市中区相生町2-3-12,2,67,test1234
img/dummy,10000067,石澤 麻友,いしざわ まゆ,24,1998年6月10日,2018年6月9日,女,ishizawa_mayu@example.net,03-0185-2500,080-4301-6874,143-6382,東京都新宿区高田馬場4-2-6,3,68,test1234
img/dummy,10000068,山本 千穂,やまもと ちほ,52,1970年5月27日,1990年5月26日,女,yamamoto527@example.net,09496-7-0100,080-1458-9835,802-2873,福岡県福岡市城南区田島1-2-3,4,69,test1234
img/dummy,10000069,堀 涼子,ほり りょうこ,45,1977年4月28日,1997年4月27日,女,hori_ryouko@example.net,03-7343-1182,090-7992-8534,207-7342,東京都中央区勝どき4-1-9ロジュマン112,5,70,test1234
img/dummy,10000070,斉藤 淳子,さいとう じゅんこ,68,1954年5月27日,1974年5月26日,女,saito_junko@example.ne.jp,0465-21-0285,050-2871-0002,221-9103,神奈川県川崎市麻生区はるひ野2-3-22,6,71,test1234
img/dummy,10000071,久原 妙子,くはら たえこ,54,1968年5月23日,1988年5月22日,女,kuhara_523@example.ne.jp,03-7318-3752,080-6047-0780,114-3363,東京都府中市白糸台3-1-10サントピア810,7,72,test1234
img/dummy,10000072,鈴木 孝之,すずき たかゆき,75,1947年8月24日,1967年8月23日,男,takayukisuzuki@example.co.jp,049-444-7161,080-5953-6464,365-1316,埼玉県狭山市狭山台1-5-4,8,73,test1234
img/dummy,10000073,菅原 由利子,すがわら ゆりこ,33,1990年2月1日,2010年1月31日,女,sugawara_21@example.jp,03-6450-4751,070-4327-0020,207-2165,東京都江戸川区東葛西1-1-6,9,74,test1234
img/dummy,10000074,飯田 晶子,いいだ しょうこ,65,1957年4月8日,1977年4月7日,女,iida_shouko@example.ne.jp,0494-50-7015,050-8062-3388,366-9354,埼玉県さいたま市大宮区三橋2-2-3,10,75,test1234
img/dummy,10000075,中村 正人,なかむら まさと,22,2000年7月18日,2020年7月17日,男,nakamuramasato@example.com,03-9558-3908,090-1932-2670,192-4480,東京都新宿区西新宿3-2-8,11,76,test1234
img/dummy,10000076,小島 陽子,こじま ようこ,43,1979年12月12日,1999年12月11日,女,kojima1212@example.net,0460-15-9605,090-5182-4309,239-6703,神奈川県藤沢市鵠沼桜が岡3-5-19サニーフラット403,12,77,test1234
img/dummy,10000077,櫻井 守,さくらい まもる,24,1998年2月16日,2018年2月15日,男,sakurai_mamoru@example.co.jp,0494-70-0175,070-0993-7692,365-8109,埼玉県朝霞市膝折町1-4-22ザ・ステイツ110,13,78,test1234
img/dummy,10000078,谷崎 一馬,たにざき かずま,55,1967年6月13日,1987年6月12日,男,kazumatanizaki@example.ne.jp,06-1199-9306,090-5518-7932,553-1026,大阪府大阪市東淀川区北江口1-3-6,1,79,test1234
img/dummy,10000079,細田 新一,ほそだ しんいち,70,1952年9月21日,1972年9月20日,男,hosoda921@example.org,03-6252-3898,080-3713-6053,111-1265,東京都中央区日本橋本町3-2-7,2,80,test1234
img/dummy,10000080,中村 和彦,なかむら かずひこ,57,1965年12月25日,1985年12月24日,男,kazuhiko_nakamura@example.net,01398-4-9230,090-6963-1741,069-1792,北海道札幌市手稲区富丘二条2-2-805ブリリア805,3,81,test1234
img/dummy,10000081,岡村 滋,おかむら しげる,46,1976年6月7日,1996年6月6日,男,okamurashigeru@example.co.jp,03-2613-9504,080-4839-3244,162-2495,東京都江戸川区東小松川2-2-501,4,82,test1234
img/dummy,10000082,立松 啓司,たてまつ けいじ,68,1954年3月14日,1974年3月13日,男,tatematsu314@example.co.jp,03-4619-4742,050-9075-4177,130-1219,東京都台東区東上野2-4-21コムグレイス604,5,83,test1234
img/dummy,10000083,近藤 貴彦,こんどう たかひこ,34,1988年4月27日,2008年4月26日,男,kondou_427@example.net,0791-01-0143,080-9062-6030,661-7174,兵庫県神戸市兵庫区御崎本町3-1-4,6,84,test1234
img/dummy,10000084,村主 香奈,むらぬし かな,39,1983年2月28日,2003年2月27日,女,muranushi228@example.org,0157-80-1375,070-9671-8117,072-2024,北海道札幌市豊平区平岸三条3-2-8,7,85,test1234
img/dummy,10000085,鈴木 貴宏,すずき たかひろ,64,1958年3月22日,1978年3月21日,男,takahiro_suzuki@example.net,03-2989-0623,080-4835-8286,188-4684,東京都葛飾区東金町3-1-10,8,86,test1234
img/dummy,10000086,柴田 郁子,しばた いくこ,76,1946年7月25日,1966年7月24日,女,ikuko_shibata@example.co.jp,03-0531-8707,080-0911-9135,102-4132,東京都港区芝3-3-7,9,87,test1234
img/dummy,10000087,鎌田 文隆,かまた ふみたか,79,1943年11月4日,1963年11月3日,男,fumitakakamata@example.net,09496-9-2215,070-3564-2734,805-9329,福岡県福岡市南区曰佐1-2-4,10,88,test1234
img/dummy,10000088,鷹見 剛士,たかみ つよし,29,1993年2月16日,2013年2月15日,男,tsuyoshitakami@example.co.jp,0561-75-4877,090-5006-8412,441-3469,愛知県名古屋市西区則武新町1-2-5,11,89,test1234
img/dummy,10000089,西田 敬祐,にしだ けいすけ,77,1945年9月29日,1965年9月28日,男,nishida_keisuke@example.ne.jp,0460-23-5751,080-9324-8031,244-6216,神奈川県座間市相模が丘3-3-9,12,90,test1234
img/dummy,10000090,佐藤 武史,さとう たけふみ,66,1956年10月8日,1976年10月7日,男,sato_takefumi@example.co.jp,03-2912-7576,080-4599-6626,180-4909,東京都大田区蒲田1-2-4,13,91,test1234
img/dummy,10000091,高橋 直宏,たかはし なおひろ,25,1997年7月1日,2017年6月30日,男,takahashi_71@example.org,03-6764-9149,090-8357-7741,194-6783,東京都中央区日本橋室町2-5-1104,1,92,test1234
img/dummy,10000092,岩田 輝,いわた あきら,68,1954年11月26日,1974年11月25日,男,iwata_1126@example.jp,06-6161-4101,050-0564-0419,559-5013,大阪府大東市灰塚3-5-4,2,93,test1234
img/dummy,10000093,小川 昌彦,おがわ まさひこ,55,1967年10月30日,1987年10月29日,男,ogawa_1030@example.com,03-9081-5884,070-3398-4446,105-1908,東京都葛飾区青戸1-3-3,3,94,test1234
img/dummy,10000094,御厨 千絵子,みくりや ちえこ,30,1992年6月22日,2012年6月21日,女,mikuriya_622@example.com,03-1744-8966,050-9825-2926,116-5769,東京都港区高輪3-4-21,4,95,test1234
img/dummy,10000095,高橋 優也,たかはし ゆうや,64,1958年7月7日,1978年7月6日,男,takahashi77@example.co.jp,08477-2-4135,090-7588-0517,733-0710,広島県福山市松永町2-2-9,5,96,test1234
img/dummy,10000096,小島 大亮,こじま だいすけ,39,1983年6月22日,2003年6月21日,男,kojima622@example.com,0243-80-5588,090-4029-6525,972-2593,福島県郡山市緑ケ丘東1-4-709,6,97,test1234
